mol_id,mol_name,smiles,status,apo_activity,vina_top_affinity_kcal_per_mol,n_poses,delta_activity_top,delta_activity_weighted,affinity_gate,delta_activity_gated,aspr_reactive,aspr_score,error
silibinin,Silibinin (silybin A),Oc1cc(O)c2C(=O)[C@H](O)[C@@H](c3cc4O[C@@H](c5ccc(O)c(OC)c5)[C@H](CO)Oc4cc3)Oc2c1,ok,17.775005580521217,-5.799,5.0,-0.4980709807609607,-0.5812835576633645,0.7137966712727363,-0.4149182685256832,False,0.0,
dhea,Dehydroepiandrosterone (DHEA),C[C@]12CC[C@H]3[C@@H](CC=C4C[C@@H](O)CC[C@]34C)[C@@H]1CCC2=O,ok,17.775005580521217,-5.573,5.0,-0.4443166969190102,-0.4986996351439531,0.4885813802598602,-0.2436553560737213,False,0.0,
egcg,Epigallocatechin gallate (EGCG),O=C(O[C@H]1Cc2c(O)cc(O)cc2O[C@@H]1c1cc(O)c(O)c(O)c1)c1cc(O)c(O)c(O)c1,ok,17.775005580521217,-5.619,5.0,-0.5268210669445317,-0.446143822720169,0.5277730639868744,-0.2354626922958405,False,0.0,
retinoic-acid,Retinoic acid (all-trans),C/C(=C\\C(=O)O)/C=C/C=C(\\C)/C=C/C1=C(C)CCCC1(C)C,ok,17.775005580521217,-5.28,5.0,-0.681895805090754,-0.6675610110606142,0.29887584151876645,-0.1995178589458596,False,0.0,
fisetin,Fisetin,O=c1c(O)c(-c2ccc(O)c(O)c2)oc2cc(O)ccc12,ok,17.775005580521217,-5.246,5.0,-0.3307350084998717,-0.5304348297045894,0.28230743915004425,-0.14974569840989246,False,0.0,
curcumin,Curcumin,O=C(/C=C/c1ccc(O)c(OC)c1)CC(=O)/C=C/c1ccc(O)c(OC)c1,ok,17.775005580521217,-5.215,5.0,-0.5478845169823501,-0.5528402094996587,0.2680027732165356,-0.14816270929151906,False,0.0,
baicalein,Baicalein,O=c1cc(-c2ccccc2)oc2c1c(O)c(O)c(O)c2,ok,17.775005580521217,-5.268,5.0,-0.359647094369425,-0.49079686431636793,0.2929199775163447,-0.14376420646064297,False,0.0,
allopregnanolone,Allopregnanolone,C[C@@]12CC[C@@H]3[C@H]([C@@H]1CC[C@@H]2C(C)=O)CC[C@H]4C[C@@H](O)CC[C@@]34C,ok,17.775005580521217,-5.346,5.0,-0.5091458868348369,-0.4249100514167461,0.3338649444188053,-0.14186257069924366,False,0.0,
naringenin,Naringenin,Oc1ccc([C@@H]2CC(=O)c3c(O)cc(O)cc3O2)cc1,ok,17.775005580521217,-5.193,5.0,-0.45239414542363576,-0.49515586331535866,0.2582929892094792,-0.1278952880603243,False,0.0,
luteolin,Luteolin,O=c1cc(-c2ccc(O)c(O)c2)oc2cc(O)cc(O)c12,ok,17.775005580521217,-5.365,5.0,-0.33573574235604653,-0.34644485392600993,0.34467678670321966,-0.11941149902108342,False,0.0,
demethoxycurcumin,Demethoxycurcumin,O=C(/C=C/c1ccc(O)cc1)CC(=O)/C=C/c1ccc(O)c(OC)c1,ok,17.775005580521217,-5.103,5.0,-0.5521687077918003,-0.5371872879885542,0.22210021034847777,-0.1193094096587862,False,0.0,
thc,Δ9-Tetrahydrocannabinol (THC),CCCCCc1cc(O)c2c(c1)OC(C)(C)[C@@H]1CCC(C)=C[C@H]21,ok,17.775005580521217,-5.161,5.0,-0.5324019291045516,-0.4714669320345376,0.2447941860257256,-0.11541236386544074,False,0.0,
myricetin,Myricetin,O=c1c(O)c(-c2cc(O)c(O)c(O)c2)oc2cc(O)cc(O)c12,ok,17.775005580521217,-5.279,5.0,-0.3553297682819583,-0.3837915834923807,0.29837492781514446,-0.11451378602059907,False,0.0,
piperine,Piperine,O=C(/C=C/C=C/c1ccc2OCOc2c1)N1CCCCC1,ok,17.775005580521217,-5.054,5.0,-0.7445876111456684,-0.5484916271119797,0.20457530421821069,-0.11220784147757464,False,0.0,
hesperetin,Hesperetin,COc1ccc([C@@H]2CC(=O)c3c(O)cc(O)cc3O2)cc1O,ok,17.775005580521217,-5.261,5.0,-0.33833886280572756,-0.3686046592827037,0.28950068605201645,-0.1067113017443125,False,0.0,
trehalose,Trehalose,OC[C@H]1O[C@H](O[C@H]2O[C@H](CO)[C@@H](O)[C@H](O)[C@H]2O)[C@H](O)[C@@H](O)[C@@H]1O,ok,17.775005580521217,-5.207,5.0,-0.3947490937224778,-0.39070576677207763,0.26443041594474065,-0.10331448841954932,False,0.0,
genistein,Genistein,O=c1c(-c2ccc(O)cc2)coc2cc(O)cc(O)c12,ok,17.775005580521217,-5.028,5.0,-0.8890295856218735,-0.516270648436667,0.19584504860806706,-0.10110905023799736,False,0.0,
urolithin-a,Urolithin A,Oc1ccc2c(c1)Oc1cc(O)ccc1C2=O,ok,17.775005580521217,-5.166,5.0,-0.39089776654336816,-0.3964955199563871,0.24685590696232615,-0.09787726118533302,False,0.0,
kaempferol,Kaempferol,O=c1c(O)c(-c2ccc(O)cc2)oc2cc(O)cc(O)c12,ok,17.775005580521217,-5.185,5.0,-0.3441755033526661,-0.3723200501485822,0.2548500590219224,-0.09488578675541129,False,0.0,
epicatechin,(–)-Epicatechin (EC),O[C@@H]1Cc2c(O)cc(O)cc2O[C@@H]1c1ccc(O)c(O)c1,ok,17.775005580521217,-5.213,5.0,-0.2792557326599088,-0.34868861288015146,0.26710518468506067,-0.09313653634093048,False,0.0,
quercetin,Quercetin,O=c1c(O)c(-c2ccc(O)c(O)c2)oc2cc(O)cc(O)c12,ok,17.775005580521217,-5.146,5.0,-0.35550164742334545,-0.3865090005857104,0.23871176513662976,-0.0922642457710096,False,0.0,
apigenin,Apigenin,O=c1cc(-c2ccc(O)cc2)oc2cc(O)cc(O)c12,ok,17.775005580521217,-5.168,5.0,-0.4451271730875561,-0.36786624640951054,0.2476854491940784,-0.09111511648527915,False,0.0,
equol,Equol,Oc1ccc([C@@H]2COc3cc(O)ccc3C2)cc1,ok,17.775005580521217,-5.031,5.0,-0.4630131903090273,-0.45571127144861096,0.19683306313273094,-0.08969904546334152,False,0.0,
rosmarinic-acid,Rosmarinic acid,O=C(O[C@@H](Cc1ccc(O)c(O)c1)C(=O)O)/C=C/c1ccc(O)c(O)c1,ok,17.775005580521217,-4.936,5.0,-0.4262025049976863,-0.4604162650628434,0.16783864999571269,-0.07727564436421586,False,0.0,
guanosine,Guanosine,Nc1nc2c(ncn2[C@@H]2O[C@H](CO)[C@@H](O)[C@H]2O)c(=O)[nH]1,ok,17.775005580521217,-4.913,5.0,-0.30542225331931405,-0.40718280354482,0.1614867235171278,-0.06575461681697131,False,0.0,
daidzein,Daidzein,O=c1c(-c2ccc(O)cc2)coc2cc(O)ccc12,ok,17.775005580521217,-4.84,5.0,-0.30218316384743815,-0.4085261825536721,0.14287538682348194,-0.0583683363598763,False,0.0,
honokiol,Honokiol,Oc1ccc(CC=C)cc1-c1cc(CC=C)ccc1O,ok,17.775005580521217,-4.75,5.0,-0.41460397049021935,-0.44737964241191297,0.1228552643423854,-0.054962944229917425,False,0.0,
adenosine,Adenosine,Nc1ncnc2c1ncn2[C@@H]1O[C@H](CO)[C@@H](O)[C@H]1O,ok,17.775005580521217,-4.654,5.0,-0.3189206924610133,-0.4212152593743823,0.10458254649133453,-0.04405176444638087,False,0.0,
resveratrol,Resveratrol,Oc1ccc(/C=C/c2cc(O)cc(O)c2)cc1,ok,17.775005580521217,-4.728,5.0,-0.3073667554198849,-0.3682562694458533,0.11840419815908675,-0.04360308830079286,False,0.0,
arachidonic-acid,Arachidonic acid (20:4 n-6),CCCCC/C=C\\C/C=C\\C/C=C\\C/C=C\\CCCC(=O)O,ok,17.775005580521217,-4.386,5.0,-0.6377466875275815,-0.594032356923365,0.06671526827476826,-0.03963102805603519,False,0.0,
inosine,Inosine,O=c1[nH]cnc2c1ncn2[C@@H]1O[C@H](CO)[C@@H](O)[C@H]1O,ok,17.775005580521217,-4.683,5.0,-0.36623455058915155,-0.33026911759683497,0.10979568607804092,-0.03626212435693368,False,0.0,
tryptophan,L-Tryptophan,N[C@@H](Cc1c[nH]c2ccccc12)C(=O)O,ok,17.775005580521217,-4.402,5.0,-0.43547953920743154,-0.47490394205669106,0.06853004176272573,-0.03254518698242812,False,0.0,
kynurenic-acid,Kynurenic acid,O=C(O)c1cc(=O)c2ccccc2[nH]1,ok,17.775005580521217,-4.605,5.0,-0.36145110611184705,-0.32010642673867784,0.09633041873670854,-0.030835986128048352,False,0.0,
pterostilbene,Pterostilbene,COc1cc(/C=C/c2ccc(O)cc2)cc(OC)c1,ok,17.775005580521217,-4.565,5.0,-0.32456385090016937,-0.3386595061188667,0.09007910215318689,-0.030506144246829212,False,0.0,
melatonin,Melatonin,CC(=O)NCCc1c[nH]c2cc(OC)ccc12,ok,17.775005580521217,-4.402,5.0,-0.3962853943202056,-0.42124945113372714,0.06853004176272573,-0.02886824247871961,False,0.0,
l-dopa,L-DOPA (levodopa),N[C@@H](Cc1ccc(O)c(O)c1)C(=O)O,ok,17.775005580521217,-4.39,5.0,-0.2508200262914144,-0.4190837171015498,0.06716440576235516,-0.02814750882380455,False,0.0,
indole-3-propionate,Indole-3-propionate (IPA),OC(=O)CCc1c[nH]c2ccccc12,ok,17.775005580521217,-4.317,5.0,-0.37168239549222903,-0.45946540876374714,0.05942371140527853,-0.027303139851085245,False,0.0,
anandamide,Anandamide (AEA),CCCCC/C=C\\C/C=C\\C/C=C\\C/C=C\\CCCC(=O)NCCO,ok,17.775005580521217,-4.003,5.0,-0.49872928521526205,-0.7434257698536042,0.035092595308433776,-0.02608873968333336,False,0.0,
cannabidiol,Cannabidiol (CBD),CCCCCc1cc(O)c([C@@H]2C=C(C)CC[C@H]2C(C)=C)c(O)c1,ok,17.775005580521217,-4.153,5.0,-0.3802153201712528,-0.37508929685195386,0.0451323799482278,-0.016928672660035986,False,0.0,
2-ag,2-Arachidonoylglycerol (2-AG),CCCCC/C=C\\C/C=C\\C/C=C\\C/C=C\\CCCC(=O)OC(CO)CO,ok,17.775005580521217,-3.937,5.0,-0.6528468573037287,-0.5056083300898925,0.03141488535774193,-0.015883627725693312,False,0.0,
caffeic-acid,Caffeic acid,OC(=O)/C=C/c1ccc(O)c(O)c1,ok,17.775005580521217,-4.26,5.0,-0.31624451371886764,-0.29323690467168384,0.05400526840251303,-0.015836337742316412,False,0.0,
5-hiaa,5-Hydroxyindoleacetic acid (5-HIAA),OC(=O)Cc1c[nH]c2cc(O)ccc12,ok,17.775005580521217,-4.201,5.0,-0.41030781013748907,-0.3181590279970149,0.048916515692415174,-0.015563231085699538,False,0.0,
urate,Urate (uric acid),O=C1NC(=O)C2=C(N1)NC(=O)N2,ok,17.775005580521217,-4.166,5.0,-0.20937551900738427,-0.3251067384724471,0.04612735373128309,-0.01499631352594231,False,0.0,
epinephrine,Epinephrine (adrenaline),CN[C@@H](Cc1ccc(O)c(O)c1)CO,ok,17.775005580521217,-4.074,5.0,-0.2449021804661129,-0.3487083179193701,0.03953101103733671,-0.013784792364481739,False,0.0,
hva,Homovanillic acid (HVA),OC(=O)Cc1ccc(O)c(OC)c1,ok,17.775005580521217,-3.906,5.0,-0.8445546752330237,-0.4580170075920145,0.02982307664829055,-0.013659476323637324,False,0.0,
thiamine,Thiamine (B1),Cc1ncc(C[n+]2csc(CCO)c2C)c(N)n1,ok,17.775005580521217,-4.124,5.0,-0.251189529608169,-0.31439886595091127,0.042989477936730296,-0.013515843111129725,False,0.0,
norepinephrine,Norepinephrine,NC[C@@H](O)c1ccc(O)c(O)c1,ok,17.775005580521217,-4.139,5.0,-0.19734102719166557,-0.2879209410454596,0.04408485795900967,-0.012692953789413484,False,0.0,
ferulic-acid,Ferulic acid,COc1cc(/C=C/C(=O)O)ccc1O,ok,17.775005580521217,-4.003,5.0,-0.275333448850823,-0.3460340711854717,0.035092595308433776,-0.012143233623041523,False,0.0,
3-hydroxykynurenine,3-Hydroxykynurenine,N[C@@H](CC(=O)c1cccc(O)c1N)C(=O)O,ok,17.775005580521217,-4.038,5.0,-0.3508625674221406,-0.3164519111499917,0.03721452349277936,-0.011776607081826294,False,0.0,
serotonin,Serotonin (5-HT),NCCc1c[nH]c2cc(O)ccc12,ok,17.775005580521217,-3.953,5.0,-0.2646153272510361,-0.3646104535461006,0.032269425893195584,-0.011765770010590326,False,0.0,
gallic-acid,Gallic acid,OC(=O)c1cc(O)c(O)c(O)c1,ok,17.775005580521217,-4.104,5.0,-0.24398367044111424,-0.28250568468586823,0.0415711914163158,-0.011744097894273584,False,0.0,
dopac,"3,4-Dihydroxyphenylacetic acid (DOPAC)",OC(=O)Cc1ccc(O)c(O)c1,ok,17.775005580521217,-4.001,5.0,-0.5673801160372172,-0.3218852239335604,0.03497506402056499,-0.011257956314350172,False,0.0,
indole-3-acetate,Indole-3-acetate (IAA),OC(=O)Cc1c[nH]c2ccccc12,ok,17.775005580521217,-4.03,5.0,-0.256638517193835,-0.3052633692138253,0.03671847051534093,-0.011208804021891478,False,0.0,
cape,Caffeic acid phenethyl ester (CAPE),O=C(OCCc1ccccc1)/C=C/c1ccc(O)c(O)c1,ok,17.775005580521217,-3.978,5.0,-0.2904621396754017,-0.32300199685000386,0.03365141755863202,-0.010869475068271423,False,0.0,
mhpg,3-Methoxy-4-hydroxyphenylglycol (MHPG),OCC(O)c1ccc(O)c(OC)c1,ok,17.775005580521217,-3.94,5.0,-0.2671025767077424,-0.33434874655698044,0.031573369645420894,-0.01055651656552669,False,0.0,
kynurenine,L-Kynurenine,N[C@@H](CC(=O)c1ccccc1N)C(=O)O,ok,17.775005580521217,-3.882,5.0,-0.5550351762805903,-0.34700008236057556,0.028646317763941012,-0.00994027462341475,False,0.0,
hippurate,Hippurate (hippuric acid),OC(=O)CNC(=O)c1ccccc1,ok,17.775005580521217,-3.984,5.0,-0.32560742645546625,-0.2806166154635354,0.03399180865710568,-0.009538666298841099,False,0.0,
glutathione,"Glutathione (reduced, GSH)",N[C@@H](CCC(=O)N[C@@H](CS)C(=O)NCC(=O)O)C(=O)O,ok,17.775005580521217,-3.825,5.0,-0.3979461227856973,-0.36126938544163334,0.02603425540074714,-0.009405379449058443,False,0.0,
quinolinic-acid,Quinolinic acid,OC(=O)c1cccnc1C(=O)O,ok,17.775005580521217,-3.974,5.0,-0.27022572240184317,-0.27456098000294044,0.03342638596690616,-0.009177581289030292,False,0.0,
3-methoxytyramine,3-Methoxytyramine (3-MT),NCCc1ccc(O)c(OC)c1,ok,17.775005580521217,-3.694,5.0,-0.24521651079429674,-0.43044978194419103,0.020898428429417346,-0.00899572396041898,False,0.0,
oleic-acid,Oleic acid (18:1 n-9),CCCCCCCC/C=C\\CCCCCCCC(=O)O,ok,17.775005580521217,-3.693,5.0,-0.4911712955503944,-0.4197229609210491,0.02086340281767416,-0.008756849205522757,False,0.0,
p-cresol-sulfate,p-Cresol sulfate,OS(=O)(=O)Oc1ccc(C)cc1,ok,17.775005580521217,-3.859,5.0,-0.32038314248725186,-0.3154567299969922,0.02756218544803294,-0.008694676893007154,False,0.0,
paraquat,Paraquat,C[n+]1ccc(-c2cc[n+](C)cc2)cc1,ok,17.775005580521217,-3.837,5.0,-0.3445933653350082,-0.31851144781965096,0.02656360299214693,-0.00846081164833513,False,0.0,
hydroxytyrosol,Hydroxytyrosol,OCCc1ccc(O)c(O)c1,ok,17.775005580521217,-3.849,5.0,-0.3149441708097882,-0.30955632233973657,0.02710371366734564,-0.00839012592461277,False,0.0,
citrate,Citrate,OC(=O)CC(O)(CC(=O)O)C(=O)O,ok,17.775005580521217,-3.894,5.0,-0.2323105530378342,-0.2815304219788355,0.029228775724708347,-0.008228789563701884,False,0.0,
tryptamine,Tryptamine,NCCc1c[nH]c2ccccc12,ok,17.775005580521217,-3.835,5.0,-0.3555084651415399,-0.3103556171199399,0.02647463680305027,-0.00821655224303694,False,0.0,
xanthine,Xanthine,O=c1[nH]c(=O)c2[nH]cnc2[nH]1,ok,17.775005580521217,-3.964,5.0,-0.18736694637672713,-0.21313870609905924,0.03287036856672273,-0.007005947825310471,False,0.0,
aminochrome,Aminochrome,O=C1C(=O)C2=NC=CC(=C12)O,ok,17.775005580521217,-3.836,5.0,-0.314536696555205,-0.2548568110967026,0.026519082589665666,-0.006758568822012278,False,0.0,
caffeine,Caffeine,Cn1cnc2c1c(=O)n(C)c(=O)n2C,ok,17.775005580521217,-3.667,5.0,-0.3692883485235079,-0.32471660210125136,0.019973056643233678,-0.0064855830867666655,False,0.0,
nicotine,Nicotine,CN1CCC[C@H]1c1cccnc1,ok,17.775005580521217,-3.675,5.0,-0.27305719838743414,-0.31676227187297096,0.020242885262927477,-0.0064121823251487905,False,0.0,
dopamine,Dopamine,NCCc1ccc(O)c(O)c1,ok,17.775005580521217,-3.828,5.0,-0.30467957973770865,-0.23937446435418147,0.026165595062676614,-0.00626337530263663,False,0.0,
theobromine,Theobromine,Cn1cnc2c1c(=O)[nH]c(=O)n2C,ok,17.775005580521217,-3.718,5.0,-0.2788722744938177,-0.2838312322370198,0.021756912634120825,-0.0061752913226156975,False,0.0,
nicotinamide,Nicotinamide (B3),NC(=O)c1cccnc1,ok,17.775005580521217,-3.611,5.0,-0.48059000701817567,-0.3176558060721159,0.018182323253815122,-0.00577572054945442,False,0.0,
pea,Palmitoylethanolamide (PEA),CCCCCCCCCCCCCCCC(=O)NCCO,ok,17.775005580521217,-3.461,5.0,-0.4808303819621855,-0.4016294568656548,0.014137630509297188,-0.0056780888628163405,False,0.0,
skatole,Skatole (3-methylindole),Cc1c[nH]c2ccccc12,ok,17.775005580521217,-3.65,5.0,-0.29366998422725743,-0.2874157609289482,0.01941155330881266,-0.005579186365065233,False,0.0,
theophylline,Theophylline,Cn1c(=O)c2[nH]cnc2n(C)c1=O,ok,17.775005580521217,-3.633,5.0,-0.3422618703339424,-0.293162215603052,0.01886583553992614,-0.0055307501460875475,False,0.0,
phenylacetate,Phenylacetate,OC(=O)Cc1ccccc1,ok,17.775005580521217,-3.639,5.0,-0.3623091466803139,-0.2826073386458866,0.01905666739632179,-0.005385554056334338,False,0.0,
glutamine,Glutamine,N[C@@H](CCC(N)=O)C(=O)O,ok,17.775005580521217,-3.599,5.0,-0.21834989406150385,-0.28305337560275295,0.017819994053845333,-0.005044009470161907,False,0.0,
ascorbate,Vitamin C (ascorbate),OC[C@H](O)[C@H]1OC(=O)C(O)=C1O,ok,17.775005580521217,-3.718,5.0,-0.2545401930033506,-0.22928447050238462,0.021756912634120825,-0.004988522193081036,False,0.0,
alpha-ketoglutarate,α-Ketoglutarate,OC(=O)CCC(=O)C(=O)O,ok,17.775005580521217,-3.513,5.0,-0.5943702015541561,-0.29014690159013085,0.015426160520814497,-0.004475852678546326,False,0.0,
mannitol,Mannitol,OC[C@@H](O)[C@@H](O)[C@H](O)[C@H](O)CO,ok,17.775005580521217,-3.583,5.0,-0.2804754632013271,-0.25792098701890875,0.01734809513283712,-0.004474437819559277,False,0.0,
hypoxanthine,Hypoxanthine,O=c1[nH]cnc2[nH]cnc12,ok,17.775005580521217,-3.555,5.0,-0.17925081279533472,-0.2666370663815922,0.01655214245928767,-0.004413414707674657,False,0.0,
indole,Indole (free),c1ccc2[nH]ccc2c1,ok,17.775005580521217,-3.529,5.0,-0.26212059617299843,-0.26842215042078016,0.01584577941553067,-0.004253358185810075,False,0.0,
spermine,Spermine,NCCCNCCCCNCCCN,ok,17.775005580521217,-3.257,5.0,-0.301693161089549,-0.3851672584916597,0.010040739284934111,-0.0038673640236075793,False,0.0,
palmitic-acid,Palmitic acid (16:0),CCCCCCCCCCCCCCCC(=O)O,ok,17.775005580521217,-3.215,5.0,-0.49232887094693467,-0.39886920691529665,0.009357704378029354,-0.0037325001238123676,False,0.0,
glutamate-endo,Glutamate (free pool),N[C@@H](CCC(=O)O)C(=O)O,ok,17.775005580521217,-3.446,5.0,-0.1786514004160793,-0.2517696003470746,0.013786351663471032,-0.0034709842485563286,False,0.0,
4-hne,4-Hydroxynonenal (4-HNE),CCCCCC(O)C=CC=O,ok,17.775005580521217,-3.293,5.0,-0.40100607477415906,-0.30662710197805293,0.010665743861338558,-0.00327040613064245,True,4.648678867859446,
histamine,Histamine,NCCc1[nH]cnc1,ok,17.775005580521217,-3.35,5.0,-0.4198847829350889,-0.26104061402591655,0.0117358565911564,-0.0030635352106755664,False,0.0,
creatine,Creatine,NC(=N)N(C)CC(=O)O,ok,17.775005580521217,-3.432,5.0,-0.22338512236866492,-0.22665214687746693,0.01346637060917816,-0.003052181809217852,False,0.0,
bmaa,β-N-methylamino-L-alanine (BMAA),CNCC(N)C(=O)O,ok,17.775005580521217,-3.358,5.0,-0.37244490600245683,-0.22968265209049502,0.011894403679941086,-0.0027319381822438118,False,0.0,
acetyl-l-carnitine,Acetyl-L-carnitine (ALCAR),C[N+](C)(C)C[C@@H](OC(C)=O)CC(=O)[O-],ok,17.775005580521217,-3.161,5.0,-0.28365779320164464,-0.2704975996125028,0.008547342994985592,-0.002312035763208343,False,0.0,
carnitine,L-Carnitine,C[N+](C)(C)C[C@H](O)CC(=O)[O-],ok,17.775005580521217,-3.101,5.0,-0.4677958288830233,-0.2977043641101135,0.007728977322440168,-0.0023009502789985378,False,0.0,
taurine,Taurine,NCCS(=O)(=O)O,ok,17.775005580521217,-3.16,5.0,-0.34810144871894266,-0.241652657097759,0.008533017711235697,-0.0020620264029823443,False,0.0,
sulforaphane,Sulforaphane,C(=NOS(=O)C)CCCN=C=S,ok,17.775005580521217,-3.053,5.0,-0.17479916914919613,-0.26440091123877274,0.007131070890678623,-0.0018854616416037146,False,0.0,
homocysteine,Homocysteine,N[C@@H](CCS)C(=O)O,ok,17.775005580521217,-3.031,5.0,-0.15397567097387466,-0.26427384570420115,0.0068727110339634415,-0.0018162777753592152,False,0.0,
spermidine,Spermidine,NCCCNCCCCN,ok,17.775005580521217,-2.965,5.0,-0.45439280018901584,-0.254136815549122,0.006152449749903827,-0.0015635639872665506,False,0.0,
cadaverine,Cadaverine,NCCCCCN,ok,17.775005580521217,-2.699,5.0,-0.29843353567740394,-0.3454892760125634,0.003937957907588251,-0.0013605222264606138,False,0.0,
acetylcholine,Acetylcholine,CC(=O)OCC[N+](C)(C)C,ok,17.775005580521217,-2.762,5.0,-0.29912651739492446,-0.2712361163298659,0.00437688991528604,-0.001187170622225541,False,0.0,
gaba-endo,"γ-Aminobutyric acid (GABA, free pool)",NCCCC(=O)[O-],ok,17.775005580521217,-2.831,5.0,-0.12205075393912779,-0.2313959721692196,0.004913954009299684,-0.0011370691651767348,False,0.0,
gaba,"γ-Aminobutyric acid (GABA, signalling pool)",NCCCC(=O)[O-],ok,17.775005580521217,-2.831,5.0,-0.12205075393912779,-0.2313959721692196,0.004913954009299684,-0.0011370691651767348,False,0.0,
succinate,Succinate,[O-]C(=O)CCC(=O)[O-],ok,17.775005580521217,-2.795,5.0,-0.12769929062448782,-0.2151284461086262,0.004625999996529327,-0.0009951841909518644,False,0.0,
choline-endo,Choline,C[N+](C)(C)CCO,ok,17.775005580521217,-2.721,5.0,-0.362498496287742,-0.24198240663522338,0.004085994138957083,-0.0009887386952422523,False,0.0,
lactate,Lactate,CC(O)C(=O)[O-],ok,17.775005580521217,-2.856,5.0,-0.10989967792011868,-0.1759359184117894,0.005124402236908903,-0.0009015664138619959,False,0.0,
beta-hydroxybutyrate,β-Hydroxybutyrate,CC(O)CC(=O)[O-],ok,17.775005580521217,-2.763,5.0,-0.12848245286276594,-0.20269602972639528,0.004384237865577525,-0.0008886676087286897,False,0.0,
putrescine,Putrescine,NCCCCN,ok,17.775005580521217,-2.63,5.0,-0.3357633402076985,-0.2207181857037564,0.00350756401462543,-0.000774183165547909,False,0.0,
glycine,Glycine,NCC(=O)O,ok,17.775005580521217,-2.824,5.0,-0.10103915479370684,-0.14214527134605862,0.004856592810713755,-0.0006903417028962241,False,0.0,
valerate,Valerate,CCCCC(=O)[O-],ok,17.775005580521217,-2.627,5.0,-0.11857506730799727,-0.18014189299183778,0.0034899576016708053,-0.000628687568826233,False,0.0,
betaine,Betaine (trimethylglycine),C[N+](C)(C)CC(=O)[O-],ok,17.775005580521217,-2.513,5.0,-0.1383368760616399,-0.20091983624464596,0.0028825235410216885,-0.0005791561578334147,False,0.0,
butyrate,Butyrate,CCCC(=O)[O-],ok,17.775005580521217,-2.502,5.0,-0.11734165995317625,-0.16243659438402777,0.00282982466727069,-0.00045966708165536544,False,0.0,
pyruvate,Pyruvate,CC(=O)C(=O)[O-],ok,17.775005580521217,-2.566,5.0,-0.10875071248687718,-0.1410836818157803,0.0031505223647227223,-0.00044448729485804025,False,0.0,
propionate,Propionate,CCC(=O)[O-],ok,17.775005580521217,-2.4,5.0,-0.0923834064772997,-0.13689493296896288,0.0023848115130504846,-0.000326468612222657,False,0.0,
methylglyoxal,Methylglyoxal,CC(=O)C=O,ok,17.775005580521217,-2.211,5.0,-0.09990759890949263,-0.12061504308221987,0.0017368823333946788,-0.00020949413747114575,True,4.241334673952966,
tmao,Trimethylamine N-oxide (TMAO),C[N+](C)(C)[O-],ok,17.775005580521217,-1.778,5.0,-0.12710658197327263,-0.19877950373292158,0.0008401104753389371,-0.00016699674336870276,False,0.0,
acetate,Acetate,CC(=O)[O-],ok,17.775005580521217,-2.148,5.0,-0.08010567572067373,-0.09727346946489462,0.001562700833634038,-0.00015200933182326598,False,0.0,
malondialdehyde,Malondialdehyde (MDA),O=CCC=O,ok,17.775005580521217,-2.11,5.0,-0.07525072539147715,-0.09941724122179157,0.0014662006728117334,-0.0001457656259684772,True,10.603336684882414,
acrolein,Acrolein,C=CC=O,ok,17.775005580521217,-1.872,5.0,-0.17051206111158734,-0.11802950281613583,0.0009835897366397668,-0.00011609260759064566,True,6.701455505851512,
nitric-oxide,Nitric oxide (NO),[N]=O,ok,17.775005580521217,-1.649,4.0,-0.04098139726860239,-0.03538540997299933,0.0006766464958824109,-2.394341366359251e-05,True,2.669842810889065,
zinc,Zinc (Zn²⁺),[Zn++],ok,17.775005580521217,-1.09,5.0,-0.042778706779458275,-0.046246325484029495,0.00026493463126617766,-1.2252253189526989e-05,False,0.0,
magnesium,Magnesium (Mg²⁺),[Mg++],ok,17.775005580521217,-1.09,5.0,-0.042778706779458275,-0.046246325484029495,0.00026493463126617766,-1.2252253189526989e-05,False,0.0,
manganese,Manganese (Mn²⁺),[Mn++],ok,17.775005580521217,-1.09,5.0,-0.042778706779458275,-0.046246325484029495,0.00026493463126617766,-1.2252253189526989e-05,False,0.0,
calcium,Calcium (Ca²⁺),[Ca++],ok,17.775005580521217,-1.09,5.0,-0.03890215380857853,-0.039897025394161414,0.00026493463126617766,-1.0570103711419481e-05,False,0.0,
hydrogen-sulfide,Hydrogen sulfide (H₂S),S,ok,17.775005580521217,-0.4442,5.0,-0.14934183710021642,-0.04661561262077561,8.967742492575648e-05,-4.180368101167751e-06,True,0.0,
copper,Copper (Cu²⁺),,error,,,,,,,,,,"meeko ligand PDBQT failed: atom number 0 has None type, mol name: None
atom number 0 has None type, mol name: None
"
iron,Iron (Fe³⁺ / Fe²⁺),,error,,,,,,,,,,rdkit could not parse SMILES '[Fe+++]'
sodium,Sodium (Na⁺),,error,,,,,,,,,,"meeko ligand PDBQT failed: atom number 0 has None type, mol name: None
atom number 0 has None type, mol name: None
"
potassium,Potassium (K⁺),,error,,,,,,,,,,"meeko ligand PDBQT failed: atom number 0 has None type, mol name: None
atom number 0 has None type, mol name: None
"
selenium,Selenium (as selenite SeO₃²⁻),,error,,,,,,,,,,"meeko ligand PDBQT failed: atom number 0 has None type, mol name: None
atom number 0 has None type, mol name: None
"
lithium,Lithium (Li⁺),,error,,,,,,,,,,"meeko ligand PDBQT failed: atom number 0 has None type, mol name: None
atom number 0 has None type, mol name: None
"
cobalt,Cobalt (Co²⁺),,error,,,,,,,,,,"meeko ligand PDBQT failed: atom number 0 has None type, mol name: None
atom number 0 has None type, mol name: None
"
lead,Lead (Pb²⁺),,error,,,,,,,,,,"meeko ligand PDBQT failed: atom number 0 has None type, mol name: None
atom number 0 has None type, mol name: None
"
aluminum,Aluminum (Al³⁺),,error,,,,,,,,,,rdkit could not parse SMILES '[Al+++]'
mercury,Mercury (Hg²⁺ / MeHg),,error,,,,,,,,,,"meeko ligand PDBQT failed: atom number 0 has None type, mol name: None
atom number 0 has None type, mol name: None
"
